,1050,1052,1054,1056,1230,1232,1234,1236,1238,1240,1242,1244,1246,1248,1250,1252,1254,1256,1258
1,-0.54876596,0,-0.57071704,0,2.1806228,2.2334657,2.2868104,2.3343468,2.3771422,2.4192643,2.464848,2.5137193,2.5491755,2.5523267,2.5253172,2.4820712,2.446804,2.4418151,2.4644973
2,0.92903811,0.93455428,0.92738634,0.92277652,1.1853166,1.0706722,0.96416968,0.87941766,0.81978321,0.78128302,0.75062013,0.71357948,0.67063826,0.63106096,0.608217,0.61190248,0.62998569,0.64025301,0.62656605
3,3.5058706,3.6597614,3.8088787,3.9374766,3.3322604,3.3322623,3.3072429,3.2535472,3.1776767,3.094636,3.0206413,2.9618571,2.9187248,2.889715,2.8727846,2.866219,2.8659501,2.8565435,2.8206499
4,1.55716,1.6820546,1.7487772,1.733682,0.5694617,0.56198192,0.56680244,0.56439388,0.53614497,0.46927223,0.372702,0.26701751,0.1765548,0.12176533,0.10150853,0.10358059,0.1156216,0.12769797,0.13723771
5,2.5697391,2.5322783,2.5447869,2.5945163,1.9602321,1.9264311,1.8594451,1.782624,1.7250853,1.6923329,1.6759757,1.66224,1.6397527,1.6145639,1.6007249,1.6080062,1.6402892,1.6891754,1.7393421
6,-0.033750493,0.018707171,0.088676773,0.16270153,-0.30970541,0,-0.29279819,0,-0.27203664,0,-0.2638731,0,-0.28444484,0,-0.33428872,0,-0.40518686,0,-0.48238403
7,2.471487,2.3968024,2.3478179,2.3437915,2.714911,2.7188303,2.7282722,2.7404647,2.7561395,2.777808,2.8063848,2.8345215,2.8519313,2.8544948,2.8436599,2.8287032,2.8211501,2.8252897,2.840997
8,0.73671812,0.78047985,0.77241558,0.7238701,0,-0.21235451,0,-0.16660465,0,-0.15568502,0,-0.1935492,0,-0.26160884,0,-0.32905856,0,-0.37441602,0
9,0,-0.32013908,0,-0.4734745,0,-1.0033802,0,-1.0718172,0,-1.1128165,0,-1.1336714,0,-1.1474385,0,-1.155632,0,-1.1542004,0
10,-0.33482918,0,-0.34186018,0,-0.84835112,0,-0.83462065,0,-0.83313853,0,-0.8376174,0,-0.83930802,0,-0.8333348,0,-0.81842309,0,-0.8015275
11,0,-0.1744377,0,-0.1322958,-0.12201206,0,-0.17275481,0,-0.21295442,0,-0.2316404,0,-0.22538021,0,-0.20734303,0,-0.19547993,0,-0.19981943
12,-0.13348371,0.037566431,0.18752252,0.29284382,0.76236331,0.7580117,0.72387201,0.6659897,0.59535867,0.52772152,0.47814199,0.4508408,0.44202077,0.43493858,0.410467,0.36277798,0.29566929,0.2269292,0.17505077
13,0.7072618,0.72047675,0.67859572,0.61262733,2.2618339,2.2980058,2.2502401,2.1477203,2.053118,2.0296278,2.0843766,2.1919816,2.3010621,2.359977,2.3592119,2.313658,2.2537,2.2105403,2.1917315
14,1.1663983,1.261869,1.3102787,1.3092351,3.925761,3.9429531,3.92992,3.903281,3.879086,3.8677158,3.858613,3.8354514,3.7962644,3.7475841,3.6997006,3.6615989,3.6311357,3.6019988,3.573467
15,0.57839799,0.46169561,0.36279213,0.30780327,2.0114765,2.0521202,2.0761683,2.0713687,2.029449,1.97016,1.9275341,1.942778,2.0467911,2.2178309,2.409097,2.5698929,2.6587379,2.6740577,2.6365533
16,1.8707286,1.8821319,1.9060169,1.9493188,3.8847306,3.8374262,3.7812178,3.736872,3.723938,3.7459171,3.7943354,3.844032,3.8662894,3.8498623,3.7986,3.7400582,3.7067215,3.7042031,3.720758
17,0,-0.031980712,0,-0.028151687,0.37414861,0.36561832,0.33868289,0.30833888,0.28738701,0.28473535,0.29828611,0.3208462,0.3436999,0.35971743,0.37030932,0.38049826,0.39461103,0.4145222,0.43411201
18,0.54701287,0.5326072,0.52404338,0.52151722,0.48431456,0.52161187,0.53851938,0.53367323,0.51366836,0.49137256,0.47975513,0.48070943,0.48868912,0.49128306,0.476845,0.45057589,0.42608365,0.41466698,0.42186517
19,0,-0.1551386,0,-0.18561012,0.050300252,0.05306682,0.078571953,0.11494371,0.14888518,0.1746898,0.19077289,0.19992022,0.20624,0.21274057,0.22065268,0.22587486,0.22327352,0.21211585,0.19474344
20,0.2651892,0.31288892,0.34054995,0.33763435,1.3135537,1.322531,1.3106438,1.2820135,1.2501171,1.2311922,1.2351651,1.266072,1.31546,1.3681645,1.4052651,1.4100107,1.382256,1.33191,1.2788125
21,-0.13733828,0,-0.1190931,0,-0.055043239,0,-0.012434094,0.025824562,0.051781714,0.058062971,0.042901736,0.009792885,0,-0.025104906,0,-0.043102801,0,-0.035300247,0
22,-0.068316363,0,-0.005223591,0.029331142,0.91198397,0.96667665,0.99318278,0.98382407,0.94358003,0.88427162,0.82266355,0.77499759,0.74715924,0.73976076,0.75157291,0.77995825,0.81864595,0.86129755,0.90832645
23,0,-0.11597772,0,-0.10754772,0.053631768,0,-0.000647448,0,-0.035290096,0,-0.048714675,0,-0.046838023,0,-0.040515199,0,-0.040152535,0,-0.047422286
24,1.5271059,1.5655299,1.6005821,1.6267641,1.9553111,1.9499806,1.9413978,1.9373928,1.9427391,1.950756,1.9502726,1.9353414,1.9053324,1.8691914,1.838493,1.8146431,1.793725,1.7705594,1.741488
25,0.9673357,0.98421353,1.0048071,1.0307765,2.6588902,2.6884592,2.70158,2.6932783,2.6653509,2.6232519,2.574465,2.5264599,2.4843097,2.450362,2.4212046,2.3912709,2.358007,2.3234069,2.3021216
26,1.9965186,2.1008625,2.2094214,2.3160372,3.9045255,3.9396732,3.9506156,3.9359088,3.9009995,3.8549681,3.8075955,3.76493,3.7298858,3.7007556,3.6737235,3.6444068,3.6097498,3.5738263,3.542834
27,0.99626899,1.0676999,1.1539946,1.2358377,1.3101475,1.3820485,1.46073,1.5258597,1.5626307,1.5693469,1.5506514,1.5140042,1.4678514,1.420604,1.3802468,1.3515414,1.3371383,1.3361593,1.3448309
28,-0.35390863,0,-0.33850983,0,-0.91218793,0,-0.93753999,0,-0.98275399,0,-1.0377461,0,-1.0889,0,-1.1235684,0,-1.1382805,0,-1.1350534
29,-0.52335894,0,-0.5544073,0,-1.5328096,0,-1.5710319,0,-1.6340735,0,-1.7074471,0,-1.7736965,0,-1.8237658,0,-1.8528434,0,-1.8614286
30,0,-0.2360149,0,-0.19616885,0,-0.9418928,0,-0.95700973,0,-1.0151379,0,-1.0863017,0,-1.1377903,0,-1.1430272,0,-1.1040343,0
31,2.2738886,2.201525,2.164499,2.1828749,3.101953,3.0619867,2.9877348,2.8904665,2.7949965,2.7292464,2.7086079,2.7370462,2.7988157,2.8687024,2.922483,2.9409499,2.922586,2.87605,2.8154902
32,1.2270896,1.2381999,1.2382499,1.2332861,4.4443884,4.3987045,4.4000397,4.4530091,4.5343542,4.6129904,4.6782637,4.7308221,4.7749939,4.8135252,4.8361464,4.8297887,4.7960429,4.7480717,4.7171588
33,0.57785702,0.59931248,0.6123606,0.60256475,1.29776,1.3425,1.4046488,1.4767452,1.5507394,1.6178551,1.6670709,1.6886407,1.6838161,1.6608703,1.6332757,1.6147864,1.6105474,1.6200366,1.6372517
34,1.5176767,1.4819603,1.4122536,1.3278264,2.4799254,2.4455407,2.4196215,2.4113011,2.4226592,2.4448159,2.4633441,2.4627056,2.4311981,2.3749607,2.3096597,2.2535996,2.2221251,2.2145777,2.2214966
35,-0.40697882,0,-0.4543246,0,-0.38163725,0,-0.36646551,0,-0.3488504,0,-0.34808299,0,-0.37044418,0,-0.41421819,0,-0.46496326,0,-0.50541031
36,0,-0.55032349,0,-0.59924299,0,-1.1776446,0,-1.1256087,0,-1.101128,0,-1.1210521,0,-1.1702286,0,-1.2246932,0,-1.2754852,0
37,0.41388744,0.54110444,0.65529865,0.72857237,4.5845704,4.6206498,4.6406941,4.6355357,4.6128664,4.5873637,4.5723,4.5769072,4.5986285,4.6308341,4.6708422,4.7171402,4.7629309,4.7978377,4.8070445
38,1.4190607,1.440272,1.439819,1.4281263,2.8665514,2.810946,2.7671189,2.744072,2.7431376,2.7600999,2.7886271,2.8235052,2.8593524,2.8874366,2.899425,2.8941884,2.8763342,2.8583484,2.8537767
39,0,-0.087466128,0,-0.17950705,0,-1.74623,0,-1.8224738,0,-1.8610572,0,-1.8639175,0,-1.8482229,0,-1.8349392,0,-1.8364205,0
40,1.4990966,1.580826,1.5977215,1.5510375,4.1773529,4.1624789,4.1364799,4.0843029,4.0073142,3.9161417,3.8278971,3.7581472,3.7051077,3.6587551,3.6075635,3.542402,3.4651,3.3844728,3.3167405
41,0.60732931,0.56283724,0.58034962,0.66244191,1.113589,1.1550515,1.159155,1.1406069,1.1214181,1.1114,1.1117998,1.1143929,1.1085764,1.0912634,1.0641661,1.0322531,1.00112,0.97327101,0.94879764
42,0,-0.2904385,0,-0.321318,0,-0.41292626,0,-0.4281995,0,-0.44154963,0,-0.45975584,0,-0.4834846,0,-0.5095607,0,-0.52970111,0
43,0,-0.66317672,0,-0.71367604,0,-2.1118655,0,-2.1607285,0,-2.2407222,0,-2.3147502,0,-2.3421013,0,-2.3146892,0,-2.2446301,0
44,1.4410928,1.465068,1.472751,1.4732223,1.8512778,1.8343275,1.8019648,1.753424,1.6881551,1.6150686,1.548861,1.5066737,1.499581,1.5080651,1.49945,1.4531063,1.3630397,1.2548494,1.1652964
45,0.59377342,0.69511777,0.76165283,0.78119403,1.5973897,1.5657997,1.55996,1.5858536,1.6338514,1.6859362,1.7201903,1.7189264,1.6891418,1.648778,1.6145291,1.5968374,1.5864358,1.567381,1.5341258
46,-0.42958692,0,-0.43568805,0,1.7626779,1.7426957,1.7416011,1.785936,1.8934621,2.0349984,2.1610065,2.224041,2.1910534,2.0829923,1.9442354,1.81788,1.7374201,1.7052846,1.7103282
47,2.5638583,2.5580871,2.5544536,2.5688977,4.5383701,4.6106963,4.6388345,4.6109653,4.526556,4.403336,4.2668138,4.1376972,4.0314283,3.9535966,3.903827,3.8764431,3.8634,3.8569326,3.8502953
48,1.5271786,1.5603045,1.608711,1.659606,2.920712,2.8597372,2.7583053,2.639992,2.5371909,2.4691043,2.4438422,2.4543297,2.4850996,2.5163178,2.528075,2.5075669,2.4502161,2.371182,2.2953694
49,0,-0.070887603,0,-0.072627082,0,-0.094133109,0,-0.039643727,0.023267902,0.074491702,0.095627159,0.097156338,0.10137936,0.13094828,0.20086439,0.2957364,0.38668472,0.43992808,0.42593366
50,2.735007,2.8122659,2.8588371,2.88537,3.8839056,3.8994689,3.87554,3.8203039,3.7492657,3.6755228,3.6092343,3.5549805,3.512361,3.4714661,3.4174001,3.3340812,3.2111819,3.0646482,2.9230421
51,-0.12010895,0,-0.23504497,0,-0.89810795,0,-0.94995439,0,-1.0136389,0,-1.0937799,0,-1.1771406,0,-1.2447796,0,-1.2830315,0,-1.2860893
52,1.4869893,1.5324336,1.560429,1.5736964,3.7541327,3.7964311,3.7636342,3.668916,3.5442858,3.4312043,3.3665342,3.3537228,3.3750565,3.3959265,3.3817501,3.3303611,3.2590895,3.1950588,3.1626558
53,-0.50121677,0,-0.54310709,0,-1.0900573,0,-1.0603964,0,-1.0531529,0,-1.0691299,0,-1.0982652,0,-1.1303954,0,-1.1699346,0,-1.2239729
54,-0.69310963,0,-0.731646,0,-1.016446,0,-1.0132686,0,-0.97225493,0,-0.91406459,0,-0.86517638,0,-0.84769827,0,-0.8590827,0,-0.88797134
55,0.38349482,0.52561861,0.62643307,0.67824453,1.1080577,1.0806019,1.0681605,1.0776349,1.1001071,1.1214778,1.1371732,1.1488177,1.163134,1.1852636,1.2031897,1.197569,1.1541725,1.0691878,0.971452
56,-0.18184656,0,-0.17559898,0,-1.2660394,0,-1.2154136,0,-1.1648279,0,-1.1375377,0,-1.1413143,0,-1.1745038,0,-1.2214183,0,-1.263723
57,0.037788112,0.033781983,0.050917037,0.080245636,0,-0.096567467,0,-0.16291642,0,-0.20534205,0,-0.21140976,0,-0.18580399,0,-0.14153987,0,-0.09461429,0
58,0,-0.035169605,0,-0.068302371,0,-0.40913355,0,-0.43472427,0,-0.45486557,0,-0.46952873,0,-0.48683468,0,-0.52410609,0,-0.59782702,0
59,0,-0.36903,0,-0.46431926,0,-1.8803606,0,-1.9353459,0,-1.9344263,0,-1.86857,0,-1.7673362,0,-1.6753113,0,-1.6359749,0
60,-0.1967895,0,-0.27068508,0,-0.66371244,0,-0.73238051,0,-0.79749316,0,-0.84440261,0,-0.86900532,0,-0.8726837,0,-0.86187029,0,-0.8461836
61,0,-1.116582,0,-1.1877499,0,-1.6795266,0,-1.6835999,0,-1.6766078,0,-1.6650742,0,-1.6558938,0,-1.6506909,0,-1.6501873,0
62,-0.59478253,0,-0.50563759,0,0.23152395,0.19395806,0.15778834,0.1237192,0.089912973,0.056132026,0.032298639,0.029602421,0.046353389,0.073273718,0.093092501,0.09036307,0.070513107,0.04883159,0.043506075
63,1.9649475,1.9424251,2.0041268,2.1087089,1.431062,1.5489649,1.6659516,1.7428012,1.7415915,1.6506023,1.4801422,1.277552,1.1017255,0.98664284,0.94394141,0.94931477,0.96351731,0.95737177,0.91232753
64,0.32528076,0.3052974,0.26805714,0.22749184,-0.64578342,0,-0.68751782,0,-0.72802913,0,-0.76994109,0,-0.81688505,0,-0.87341201,0,-0.94127041,0,-1.0089636
65,0.26718533,0.31535843,0.36809257,0.4178912,-0.000120135,0.011468905,0,-0.001255537,0,-0.039455365,0,-0.098592401,0,-0.17104313,0,-0.24546397,0,-0.30912706,0
66,0,-0.81803942,0,-0.90745318,0,-1.209404,0,-1.2233043,0,-1.2167566,0,-1.2231436,0,-1.2575103,0,-1.322789,0,-1.4010528,0
67,0.28840697,0.2025294,0.19686215,0.28526381,0.65252805,0.73495567,0.76200801,0.73821026,0.6885317,0.64294279,0.61603355,0.612813,0.62960422,0.65973932,0.69897085,0.74133974,0.767775,0.7555986,0.69327694
68,0,-0.34008551,0,-0.24559657,1.9792217,1.98569,1.9702914,1.9359821,1.8969668,1.8691632,1.8571297,1.8584571,1.864102,1.8666735,1.8774594,1.9125917,1.9739057,2.0509849,2.1104474
69,1.113632,1.1340193,1.1260995,1.0899233,1.994348,1.9932808,1.9515989,1.8757606,1.7804457,1.686147,1.6221857,1.616969,1.6775346,1.7939847,1.9298217,2.0398514,2.0946193,2.0805197,2.015492
70,1.4453131,1.5183195,1.5956762,1.6700666,1.54711,1.5803759,1.6227077,1.6627864,1.6881028,1.6955411,1.688305,1.6743239,1.6625832,1.6571985,1.6590961,1.6670903,1.6772298,1.6777711,1.6566999
71,1.5523179,1.648008,1.774767,1.8969727,1.1560636,1.1470118,1.1196343,1.07248,1.0071654,0.93214083,0.85979164,0.80532157,0.78080034,0.77956039,0.78580248,0.78620756,0.77342212,0.75716197,0.75214684
72,3.0416608,3.0085206,3.064785,3.1845043,3.2499337,3.2513604,3.1743031,3.042948,2.89499,2.762567,2.670336,2.6265891,2.6275332,2.6518908,2.6721251,2.6705863,2.6399844,2.5946548,2.5573432
73,1.9609946,2.0214465,2.0951681,2.1445959,2.9670103,2.9936228,2.9653363,2.8850439,2.790724,2.728606,2.7093616,2.7203496,2.7328217,2.7189372,2.6837432,2.6484752,2.6276486,2.6270115,2.6354334
74,0.34291339,0.3190023,0.28794464,0.25813508,0,-0.73396963,0,-0.77024066,0,-0.78977078,0,-0.79146886,0,-0.78112578,0,-0.76863897,0,-0.76348221,0
75,0,-0.085586883,0,-0.046751175,0.44003496,0.44034842,0.43029416,0.42945939,0.45230979,0.50441754,0.56512374,0.60587728,0.61053854,0.57540512,0.52470767,0.48907962,0.4773986,0.48335892,0.47852275
76,1.1159199,1.2422389,1.3681401,1.4893918,1.55506,1.5288991,1.5273817,1.5501101,1.5852611,1.6171578,1.6363531,1.6394908,1.632992,1.6259176,1.6176372,1.6027285,1.5786868,1.5456994,1.5082954
77,-1.3398296,0,-1.3572446,0,-2.2660382,0,-2.2555966,0,-2.24421,0,-2.2285194,0,-2.2014287,0,-2.1593919,0,-2.1194265,0,-2.1033804
78,0.93291819,0.94881868,0.96739435,0.9932493,1.5733964,1.6145937,1.6353499,1.6380119,1.6318589,1.6228828,1.6148566,1.6092286,1.6055156,1.5991395,1.583575,1.5542222,1.5097382,1.4589465,1.4146888
79,1.9489554,1.9529428,1.9692783,1.9962981,3.1557188,3.1515944,3.1521101,3.1382136,3.0966358,3.0225456,2.93062,2.8439445,2.7802548,2.748282,2.7321806,2.704875,2.6422541,2.5308061,2.3918426
80,0,-0.001806741,0,-0.11559244,0.93579859,0.94967008,0.92617524,0.8717016,0.80640227,0.75255799,0.71792877,0.70002288,0.68107516,0.64353758,0.59767586,0.56450385,0.55667496,0.5744065,0.58424801
81,0,-0.71795154,0,-0.77868354,0,-1.7616262,0,-1.7329909,0,-1.711628,0,-1.7058809,0,-1.7164571,0,-1.7395217,0,-1.7629194,0
82,2.0985999,2.1918571,2.2423949,2.2466004,1.9527721,1.8347765,1.7465334,1.687348,1.6471639,1.6231056,1.6183511,1.6434423,1.7055799,1.7819865,1.83665,1.8448818,1.797676,1.7229649,1.6637995
83,0.86448878,0.93768555,0.95810783,0.92822218,1.5003462,1.4746281,1.4674,1.4744462,1.4826177,1.4761633,1.4447908,1.3843164,1.3039408,1.219329,1.1467731,1.0995123,1.0782071,1.0759765,1.0778657
84,0.42457896,0.52518594,0.57875144,0.60523039,1.4671414,1.4741597,1.49362,1.5032303,1.5104989,1.4812058,1.4422435,1.3920994,1.3406581,1.296109,1.2557149,1.2198287,1.1889071,1.1655594,1.1563594
85,1.2318143,1.2356526,1.195683,1.1256565,1.0749661,1.1413366,1.1865891,1.167768,1.1225678,1.09785,1.0837002,1.1320932,1.1985886,1.2313563,1.2364249,1.1535828,1.0462292,0.96355784,0.91303694
86,0.21425806,0.2104228,0.19903249,0.20116077,0.03397844,0,-0.11988985,0,-0.22244525,0,-0.31069857,0,-0.30152145,0,-0.27358663,0,-0.23910497,0,-0.2099196
87,0.26648527,0.1855448,0.099396572,0.048727226,0.1533397,0.15662783,0.14554732,0.13631429,0.13789126,0.14130864,0.15145747,0.1510268,0.14070036,0.12974119,0.12083073,0.11074032,0.094072238,0.06423603,0.0207955
88,1.5657748,1.6759166,1.7616339,1.8207377,3.4939721,3.5063999,3.516181,3.5196784,3.5197945,3.4685886,3.3930039,3.2965519,3.1931846,3.1779428,3.1981034,3.2918515,3.4028873,3.4244146,3.3947001
89,0.93939942,1.0617738,1.1098597,1.1484441,1.8895786,1.9385947,1.9703938,1.9729398,1.9402541,1.87026,1.7760406,1.6602937,1.5594106,1.4760715,1.4408514,1.443731,1.4847591,1.5471082,1.585012
90,0.46560863,0.46225122,0.4028143,0.31203645,1.3001109,1.2619479,1.22742,1.2773784,1.3567468,1.449052,1.5404623,1.5625886,1.5636582,1.537867,1.507264,1.4803556,1.4507571,1.4071817,1.3673297
91,2.1782393,2.210217,2.2291079,2.2381973,1.8180293,1.8410842,1.8421862,1.824496,1.800946,1.7814957,1.7656131,1.7648417,1.7732533,1.7847923,1.7904999,1.7671462,1.7342696,1.735296,1.7580004
92,-0.00120106,0.06863071,0.16731553,0.27233768,0.96150619,1.0083741,1.0457994,1.07809,1.0998194,1.0770584,1.0236,0.90862715,0.79164702,0.70887953,0.68197298,0.74379385,0.83333856,0.93202287,1.0012255
93,1.3970011,1.3307786,1.2802199,1.313437,1.84822,1.8734843,1.8532153,1.812687,1.7660201,1.7188472,1.6928872,1.6761086,1.6642046,1.6569324,1.642776,1.62,1.5694846,1.4983401,1.417182
94,0,-0.8668319,0,-0.88712686,0,-2.13362,0,-2.1371386,0,-2.1411963,0,-2.2177997,0,-2.3051875,0,-2.3790457,0,-2.4425771,0
95,-0.097033478,0,-0.089949042,0,0,-0.038391087,0,-0.10509653,0,-0.1791352,0,-0.25512108,0,-0.31402537,0,-0.3685863,0,-0.41696671,0
96,-0.66331679,0,-0.73827076,0,-2.1115136,0,-2.096966,0,-2.0993559,0,-2.1246409,0,-2.1419001,0,-2.1446135,0,-2.1427352,0,-2.1383917
97,0.82783806,0.7787323,0.75800586,0.76717758,0.1664024,0.25818792,0.37407291,0.46165553,0.52890366,0.49435037,0.41105148,0.29784521,0.17547537,0.13033186,0.11584289,0.13395543,0.16269286,0.15331353,0.12207
98,0.10686286,0.005381705,0,-0.081215799,-0.84341174,0,-0.86684752,0,-0.8634792,0,-0.83211619,0,-0.7907604,0,-0.73974639,0,-0.64822572,0,-0.50585288
99,0.37668583,0.37553519,0.37245801,0.36622638,0,-0.16448601,0,-0.19761395,0,-0.230896,0,-0.21626873,0,-0.18439795,0,-0.097627312,0.002914079,0.09469337,0.17666668
100,-0.039431669,0.069676489,0.18317251,0.21969797,0.47496441,0.56539929,0.64867878,0.72460073,0.789195,0.84670061,0.87821954,0.89637882,0.85937828,0.80051404,0.73009014,0.65752941,0.64109713,0.64138275,0.66245383
101,-0.37430272,0,-0.22060812,0,0.33908528,0.39762044,0.4474116,0.5138256,0.58982313,0.63588691,0.66842401,0.64748263,0.60833776,0.56307155,0.51718169,0.48776415,0.46460623,0.45800769,0.45150107
102,-0.022751722,0.012862397,0.039590254,0.057746302,0.14603464,0.17369993,0.19639017,0.1054554,0,-0.02103984,0,-0.2201287,0,-0.41830274,0,-0.56033593,0,-0.65660912,0
103,-0.40277272,0,-0.44833428,0,-0.69217575,0,-0.82906669,0,-0.92509758,0,-0.9898535,0,-1.0275862,0,-1.0501511,0,-1.042644,0,-1.0204371
104,0,-0.21227629,0,-0.14571656,0.79848784,0.69296283,0.46347967,0.24088861,0.053058095,0,-0.040423676,0,-0.048314676,0,-0.023936849,0.015046014,0.053253558,0.090191297,0.1754069
105,-0.74147266,0,-0.74710983,0,-1.1053363,0,-1.083724,0,-1.1009436,0,-1.1275584,0,-1.1408832,0,-1.1461469,0,-1.0405606,0,-0.92037171
106,0.21675557,0.36799353,0.4932152,0.43931282,-0.28148383,0,-0.29721999,0,-0.2474914,0,-0.15670015,0,-0.061777532,0.032571457,0.080212861,0.10851386,0.1067848,0.096062548,0.10662564
107,-0.37452969,0,-0.35841718,0,-0.96734381,0,-1.1485938,0,-1.336422,0,-1.5199903,0,-1.6368428,0,-1.6671462,0,-1.6449257,0,-1.5814264
108,0.15589321,0.31958845,0.49686629,0.68559253,-0.64715749,0,-0.5959686,0,-0.5278191,0,-0.4343712,0,-0.32193214,0,-0.19649172,0,-0.10242404,0,-0.040413253
109,-1.1552022,0,-1.2028022,0,-1.2682281,0,-1.3064343,0,-1.3393919,0,-1.3637329,0,-1.3864572,0,-1.4085257,0,-1.4557811,0,-1.5291406
110,0,-0.48671272,0,-0.5504458,-0.66819942,0,-0.63598818,0,-0.60933101,0,-0.59278262,0,-0.58399802,0,-0.54765821,0,-0.49245751,0,-0.37811869
111,0.55572069,0.54727107,0.5104779,0.45810714,-0.2279474,0,-0.32453126,0,-0.33447242,0,-0.28975657,0,-0.16551292,0,-0.00368315,0.1107066,0.20230599,0.1990857,0.16347061
112,0.25219646,0.18431857,0.1123365,0.054302212,0,-0.4601548,0,-0.48380387,0,-0.50190705,0,-0.54239756,0,-0.59024233,0,-0.6042816,0,-0.61011982,0
113,0,-0.69052571,0,-0.64936757,0,-1.4169143,0,-1.439176,0,-1.4199866,0,-1.3634229,0,-1.3431463,0,-1.35667,0,-1.3834145,0
114,0,-0.093264304,0,-0.043588787,0,-1.2006279,0,-1.2160723,0,-1.1437943,0,-1.0509936,0,-0.98863804,0,-0.93866658,0,-0.95551103,0
115,0.32016477,0.34745505,0.37030324,0.3538155,-0.029894486,0.016492205,0.05096532,0.078341857,0.092459023,0.087508641,0.050018057,0,-0.026114933,0,-0.15030387,0,-0.27467579,0,-0.38718972
116,0,-0.33233654,0,-0.40726697,0,-1.300712,0,-1.0966648,0,-0.89547139,0,-0.71213281,0,-0.60345328,0,-0.56941313,0,-0.58543366,0
117,-0.24878109,0,-0.25618008,0,-0.62400341,0,-0.6058864,0,-0.63943297,0,-0.6852724,0,-0.73181701,0,-0.77463597,0,-0.74650341,0,-0.70769656
118,0.45516619,0.3997854,0.3480725,0.31293601,0.34171149,0.32648,0.19591865,0.030878592,0,-0.10732365,0,-0.23032182,0,-0.25598529,0,-0.24884346,0,-0.194849,0
119,0.46102747,0.40638116,0.35480163,0.32736668,1.0695605,0.99329138,0.89067864,0.78126842,0.67804271,0.61925745,0.62012893,0.66853082,0.75236005,0.88476342,1.0534061,1.3030283,1.6077267,1.8651011,2.0862565
120,-1.1600307,0,-1.2349515,0,-1.3175184,0,-1.4082713,0,-1.486818,0,-1.5409437,0,-1.5474143,0,-1.4962994,0,-1.4315735,0,-1.3614471
121,-0.28192663,0,-0.26080662,0,-0.32806143,0,-0.31916618,0,-0.36243659,0,-0.45763287,0,-0.55680853,0,-0.65147549,0,-0.74640512,0,-0.84228224
122,-0.71052527,0,-0.64217454,0,-0.10300107,0,-0.1963692,0,-0.32707971,0,-0.46612316,0,-0.43410113,0,-0.36845544,0,-0.18265542,0.004096257,0.071042195
123,0,-0.48615947,0,-0.51843899,0,-0.98508096,0,-0.92754322,0,-0.87275219,0,-0.83056712,0,-0.80488187,0,-0.79983705,0,-0.81369036,0
124,-0.67011034,0,-0.72565705,0,-0.92484343,0,-0.96989238,0,-0.98652476,0,-0.99687016,0,-0.99027985,0,-0.97808409,0,-0.90902692,0,-0.83099329
125,0.26758617,0.14813772,0.009503192,0,-0.35268348,0,-0.27945355,0,-0.17527819,0,-0.14644714,0,-0.15964353,0,-0.26429871,0,-0.40495899,0,-0.4640184
126,-0.36262181,0,-0.33303097,0,0,-0.27579838,0,-0.24001376,0,-0.21783,0,-0.21439956,0,-0.23272695,0,-0.27076039,0,-0.31319562,0
127,-0.14841442,0,-0.23096605,0,-0.6395424,0,-0.59848976,0,-0.58258295,0,-0.58867055,0,-0.64976245,0,-0.7450496,0,-0.8360368,0,-0.92255145
128,0.2548013,0.34927642,0.45602989,0.50335586,0.41774923,0.35448784,0.27904296,0.22582828,0.1822768,0.16043611,0.14696726,0.13725081,0.12100286,0.07679262,0.006557019,0,-0.098487467,0,-0.199213
129,-0.49539727,0,-0.50054991,0,0,-0.33923927,0,-0.40442413,0,-0.48088342,0,-0.55191499,0,-0.61563855,0,-0.61350387,0,-0.59110469,0
130,-0.081850395,0,-0.14303981,0,-1.0395652,0,-1.1263533,0,-1.215928,0,-1.3065441,0,-1.3891714,0,-1.4612135,0,-1.4735357,0,-1.4256283
131,-0.81323361,0,-0.85794556,0,-0.84196573,0,-0.67001981,0,-0.61917192,0,-0.68928057,0,-0.90457863,0,-1.224905,0,-1.4704564,0,-1.6569386
132,-1.3993582,0,-1.3752291,0,-0.85509735,0,-0.81011587,0,-0.78123879,0,-0.78904748,0,-0.81858855,0,-0.87005037,0,-0.87620723,0,-0.83214986
133,0.58505672,0.62798607,0.69098061,0.77185351,1.2329366,1.1416186,1.0540416,0.99892056,0.95994836,0.95625842,0.96722996,0.96792126,0.9657461,0.93539113,0.89959228,0.88702166,0.88723874,0.93221605,0.99211556
134,1.0606288,1.0624195,1.0576215,1.0455006,1.0840518,1.1960783,1.2968407,1.2328529,1.0827292,0.91090357,0.73442149,0.66100085,0.62623143,0.63853568,0.66580582,0.69867712,0.72346503,0.69524664,0.64925522
135,-0.25969449,0,-0.29205325,0,-0.96438497,0,-1.0731329,0,-1.156294,0,-1.1836846,0,-1.1348,0,-0.9972952,0,-0.87521559,0,-0.78254539
136,-0.23528661,0,-0.29423344,0,-0.23296559,0,-0.12886329,0,-0.026349351,0.066324562,0.15752965,0.25079671,0.33849815,0.3830184,0.38960686,0.25645742,0.086882532,0,-0.13100827
137,0,-0.86653596,0,-0.78570461,0,-1.557996,0,-1.6287193,0,-1.6894917,0,-1.6451453,0,-1.5843811,0,-1.5258124,0,-1.4698614,0
138,-0.95516694,0,-0.86224526,0,-0.60887069,0,-0.66267782,0,-0.70246083,0,-0.68099803,0,-0.64051324,0,-0.55437726,0,-0.45979786,0,-0.42995703
139,0,-0.071207702,0,-0.050222959,0,-0.80903,0,-0.75610751,0,-0.74158198,0,-0.76606953,0,-0.83531922,0,-0.93611801,0,-1.0344676,0
140,-0.44366241,0,-0.44416931,0,0.050259255,0.009147981,0.027680738,0.046682179,0.03042959,0,-0.000486063,0,-0.060243268,0,-0.098605439,0,-0.080761768,0,-0.04174228
141,0.65361756,0.56106496,0.53430492,0.61629838,0.75105315,0.83323991,0.83033186,0.77884704,0.66303003,0.52188671,0.49081641,0.50267088,0.591847,0.69257128,0.66729653,0.57934499,0.37133887,0.1538029,0.039637789
142,0.00275768,0.09116438,0.20472097,0.32185319,-0.46398255,0,-0.38691369,0,-0.26463684,0,-0.12511785,0,-0.008803952,0.099259518,0.12110708,0.12031693,0.066545658,0.001558919,0
143,0,-0.059738062,0.011674228,0.082988255,0.48010275,0.36928159,0.25527859,0.14587227,0.056075454,0.017105613,0.013832279,0.063542075,0.13094765,0.20514895,0.24951002,0.25338387,0.25618371,0.2632066,0.40556782
144,0.22455189,0.21040036,0.18262811,0.14410737,-0.38741469,0,-0.32753,0,-0.26853564,0,-0.25070974,0,-0.2753624,0,-0.34531379,0,-0.44774801,0,-0.54718214
145,-0.83436781,0,-0.94546366,0,-1.1762006,0,-1.270329,0,-1.3552359,0,-1.4147083,0,-1.4507142,0,-1.4608766,0,-1.4636794,0,-1.4626354
146,0,-0.50570673,0,-0.58811599,0,-1.2989,0,-1.3228177,0,-1.3791678,0,-1.4653689,0,-1.5414503,0,-1.60561,0,-1.595992,0
147,0,-0.22379874,0,-0.27029866,0,-0.24994411,0,-0.28162229,0,-0.30301899,0,-0.31327701,0,-0.32889068,0,-0.36185554,0,-0.40292323,0
148,-0.7889483,0,-0.78772205,0,-1.1602572,0,-1.1796136,0,-1.1776,0,-1.144446,0,-1.1100429,0,-1.0797853,0,-1.0724245,0,-1.0882748
149,0.085295819,0.012655742,0,-0.022164689,0,-1.0450652,0,-1.1091619,0,-1.1457623,0,-1.1716423,0,-1.1815954,0,-1.1873178,0,-1.1897759,0
150,0.033164959,0.027022354,0,-0.008926651,0,-1.22855,0,-1.1401508,0,-1.0673143,0,-1.0223157,0,-1.0164855,0,-1.0471176,0,-1.0752183,0
151,0,-0.42833534,0,-0.43423429,0,-0.45704907,0,-0.44002429,0,-0.42640591,0,-0.41043139,0,-0.39151016,0,-0.37251693,0,-0.3538135,0
152,0.15737157,0.10443289,0.082452871,0.13373625,0,-0.45797333,0,-0.50629032,0,-0.55195469,0,-0.53466702,0,-0.48443583,0,-0.39427048,0,-0.28972802,0
153,-0.59199983,0,-0.55838901,0,-1.018189,0,-1.045908,0,-1.070556,0,-1.0945199,0,-1.1161572,0,-1.134774,0,-1.1467971,0,-1.1525791
154,-0.25697264,0,-0.26728812,0,-1.1424925,0,-1.1605588,0,-1.1854829,0,-1.253093,0,-1.3263663,0,-1.3978273,0,-1.4356954,0,-1.3732907
155,-0.65635675,0,-0.72353351,0,-0.50889623,0,-0.45193776,0,-0.4069058,0,-0.37881482,0,-0.35438713,0,-0.33148673,0,-0.31449017,0,-0.30338261
156,-0.20891488,0,-0.15960528,0,-0.83991051,0,-0.91719973,0,-0.97055912,0,-1.00476,0,-0.99427664,0,-0.95611554,0,-0.87923813,0,-0.78390169
157,-0.38030481,0,-0.35775673,0,-0.6046921,0,-0.58610612,0,-0.52072841,0,-0.386834,0,-0.24115142,0,-0.093287125,0,-0.009385597,0.007945201,0
158,-0.024436336,0,-0.087909408,0,-0.14410792,0,-0.18910199,0,-0.20456426,0,-0.20231703,0,-0.24145314,0,-0.30321863,0,-0.41433701,0,-0.54468614
159,0.33058894,0.24754006,0.2061065,0.19514583,0,-0.22735406,0,-0.19309007,0,-0.16449483,0,-0.138602,0,-0.13864078,0,-0.14837377,0,-0.2126255,0
160,-0.69073743,0,-0.70687079,0,-0.74421984,0,-0.74341398,0,-0.77501279,0,-0.81424886,0,-0.86034983,0,-0.90336591,0,-0.86896878,0,-0.82246685
161,-0.20321085,0,-0.34872848,0,-1.178692,0,-1.1109091,0,-1.0397286,0,-0.97154832,0,-0.93077505,0,-0.91791666,0,-0.95778507,0,-1.0380105
162,-0.32848546,0,-0.32718256,0,0,-0.1904164,0,-0.10707845,0,-0.053923961,0,-0.022830341,0,-0.045005526,0,-0.083587475,0,-0.14102289,0
163,-0.1583204,0,-0.096238814,0,-1.3840946,0,-1.4158531,0,-1.4144123,0,-1.4262714,0,-1.4530649,0,-1.4904094,0,-1.5334048,0,-1.5106692
164,0.085861862,0.064779222,0.063895151,0.097313307,0.41650799,0.46513915,0.49783418,0.50480837,0.49477836,0.47752699,0.45817384,0.4343172,0.40872627,0.40262219,0.40410599,0.42412895,0.44899058,0.45912075,0.46505862
165,-0.25805229,0,-0.33213916,0,0,-0.24056086,0,-0.27518061,0,-0.31345451,0,-0.36541042,0,-0.39792079,0,-0.36558458,0,-0.30118984,0
166,0,-0.65962315,0,-0.54180074,0,-2.7066565,0,-2.835104,0,-2.9503186,0,-3.0562,0,-3.0292487,0,-2.9771271,0,-2.8790371,0
167,-0.47448707,0,-0.35609889,0,0,-0.24854849,0,-0.2748805,0,-0.30219796,0,-0.30804071,0,-0.30237934,0,-0.24101572,0,-0.15703008,0
168,0.0667907,0.034056254,0.009654583,0,0,-0.28162554,0,-0.35955945,0,-0.44379029,0,-0.51653582,0,-0.51929116,0,-0.50295639,0,-0.46737382,0
169,-0.14883879,0,-0.1544732,0,0,-0.096602373,0,-0.041397449,0,-0.041440431,0,-0.08875975,0,-0.18338731,0,-0.30498549,0,-0.38143712,0
170,0.25474671,0.25983578,0.15496656,0.04350904,0,-0.54631799,0,-0.50260901,0,-0.43670338,0,-0.34811056,0,-0.24913749,0,-0.21665287,0,-0.212332,0
171,-0.79948401,0,-0.80078232,0,-1.2960206,0,-1.3153881,0,-1.329278,0,-1.3262779,0,-1.3118714,0,-1.2857256,0,-1.2693129,0,-1.264812
172,0.62338501,0.63813895,0.62420923,0.57992589,0,-0.45729789,0,-0.54556507,0,-0.60636002,0,-0.60192311,0,-0.58678967,0,-0.58399409,0,-0.60148859,0
173,1.2669785,1.3892322,1.5776634,1.735248,2.6817441,2.8078585,2.7403593,2.5660377,2.304832,2.009939,1.89116,1.8376585,1.8804137,1.9392048,1.9229186,1.8716249,1.7506794,1.6348305,1.5628334
174,-0.048413727,0.048200227,0.11837544,0.19052179,0.94894481,0.89000911,0.86080402,0.86911786,0.88566291,0.90347439,0.85870934,0.76449102,0.64889878,0.52482063,0.47824779,0.47264931,0.52951747,0.61046797,0.68430185
175,-0.46609911,0,-0.40546778,0,0,-0.78080362,0,-0.78224432,0,-0.70894426,0,-0.55579144,0,-0.41882986,0,-0.31071347,0,-0.25258869,0
176,0.82057047,0.87908798,0.9244585,0.95322829,1.9673311,1.8749325,1.8039247,1.8025423,1.8428214,1.8632832,1.8689411,1.778448,1.6464343,1.5181999,1.3937403,1.3224423,1.2662624,1.2026809,1.15075
177,0.97817725,1.1709011,1.2863642,1.3566895,3.6556089,3.6834939,3.70436,3.6817276,3.6448681,3.5979712,3.5482652,3.4909835,3.433826,3.3902419,3.3570387,3.3529189,3.3560357,3.3584254,3.3578041
178,0.63811052,0.61110228,0.59548599,0.59403998,1.0235922,1.0475669,1.0667,1.080248,1.0722631,1.0483638,1.0082477,0.95969868,0.93298328,0.91888309,0.94998318,1.0003071,1.0506058,1.0987475,1.0872434
179,-0.44353089,0,-0.4112812,0,0.33652341,0.25500846,0.19014572,0.16629741,0.17263074,0.21265079,0.24068636,0.24659829,0.24331465,0.23506354,0.25316882,0.29269367,0.33882114,0.38690683,0.45681033
180,0.44470823,0.53139311,0.60118359,0.66073507,1.7908022,1.857875,1.89958,1.8172413,1.6934223,1.5614721,1.4322932,1.3775157,1.3465946,1.351776,1.3707291,1.4123893,1.4687786,1.5542601,1.6475754
181,-0.087184571,0,-0.11702278,0,0.19146919,0.23158611,0.24325971,0.23603229,0.22078319,0.20277743,0.21977876,0.25178599,0.28265879,0.31280777,0.31141052,0.30065548,0.27240393,0.23759551,0.18736041
182,-0.33926666,0,-0.34139675,0,-1.2569228,0,-1.1961064,0,-1.1520519,0,-1.1322911,0,-1.1282858,0,-1.1403223,0,-1.1820388,0,-1.2519968
183,0.21587549,0.2808755,0.3536368,0.42807588,0.080389135,0.068295032,0.034979075,0,-0.044716433,0,-0.1246325,0,-0.1730618,0,-0.1935772,0,-0.16409595,0,-0.13154779
184,0.16392457,0.1729766,0.13326143,0.065675363,-0.9683553,0,-0.81402439,0,-0.67629933,0,-0.58984572,0,-0.56728327,0,-0.58042252,0,-0.62089097,0,-0.65620834
185,1.3131107,1.2773194,1.2875509,1.3299078,0.75017804,0.72487986,0.68976873,0.69988239,0.73037493,0.78557956,0.84762675,0.85857618,0.85126996,0.82634884,0.80210751,0.81143409,0.83158201,0.85351843,0.86761576
186,0,-0.212818,0,-0.12116309,-0.45250481,0,-0.46254298,0,-0.48735979,0,-0.5143792,0,-0.47236532,0,-0.41948995,0,-0.39159051,0,-0.3866891
187,1.6639497,1.525044,1.4232575,1.3658817,3.0099752,2.9162352,2.8357329,2.7984338,2.7871735,2.8141072,2.860234,2.9176521,2.9792831,2.9924829,2.9865346,2.910352,2.8172889,2.7617121,2.7306252
188,0,-0.48858264,0,-0.55245358,0,-0.67457062,0,-0.72097689,0,-0.77837139,0,-0.84840429,0,-0.91757339,0,-0.98393124,0,-1.0358382,0
189,0.68974078,0.61079067,0.58087999,0.5797888,2.2066987,2.288842,2.3762,2.3933208,2.3861849,2.3255966,2.2528348,2.210943,2.1776247,2.1503181,2.1184828,2.062361,2.0051785,1.9643383,1.9374548
190,0,-0.14399643,0,-0.11421029,0.51035833,0.53037083,0.50416601,0.48013473,0.46175098,0.48969871,0.54163283,0.58938128,0.63419247,0.622486,0.59262079,0.54392815,0.49199122,0.48970714,0.50088596
191,0.13139293,0.15361664,0.1575706,0.1443262,-0.009030286,0.035490423,0.087115385,0.15479222,0.2222189,0.27080771,0.3086428,0.32173562,0.32013661,0.2938827,0.24362679,0.15641001,0.071560077,0.000589754,0
192,0.022465261,0.068142191,0.10718654,0.10446963,0.089310385,0.1266066,0.23817243,0.37452906,0.52977288,0.68446404,0.75249386,0.78468442,0.7189517,0.62197125,0.49595708,0.38114858,0.321356,0.29792485,0.32697874
193,0.05898644,0.032717656,0,-0.080238506,0.5884487,0.58494377,0.53385919,0.46829504,0.49686408,0.5496068,0.65024978,0.7497502,0.74273843,0.70529968,0.6159997,0.52699816,0.4756138,0.44226348,0.43590131
194,-0.12192728,0,-0.11208369,0,0,-0.20619801,0,-0.2173112,0,-0.2200308,0,-0.19596398,0,-0.16198328,0,-0.10994443,0,-0.060627777,0
195,0.41462708,0.39841589,0.40660286,0.42779988,0.17172548,0.18050803,0.188492,0.16283873,0.12562278,0.12559456,0.13764948,0.18458864,0.23390532,0.23804349,0.22003463,0.15693849,0.084013782,0.016441524,0
196,0,-0.192013,0,-0.28655323,0,-1.6121114,0,-1.7273377,0,-1.83295,0,-1.895314,0,-1.946813,0,-1.9854114,0,-2.0215425,0
197,0.89686221,0.97045439,0.96911216,0.92432964,1.1850995,1.2605349,1.34506,1.3495027,1.327886,1.2304196,1.1151778,1.022125,0.94939935,0.97605842,1.0505525,1.2177081,1.41065,1.6074886,1.7684114
198,0.79660666,0.71473938,0.56155396,0.3965328,0.2776117,0.17041269,0.05979912,0,-0.022191353,0,-0.10518321,0,-0.2005416,0,-0.29956692,0,-0.40130997,0,-0.46782455
199,3.0690072,3.2429633,3.3757751,3.4773245,4.384985,4.4044614,4.4146004,4.3652477,4.2901349,4.1974268,4.0992622,4.0181761,3.9444156,3.8966937,3.8615501,3.8472612,3.8302824,3.7726271,3.6973155
200,0,-0.10281675,0,-0.18632667,-0.092768341,0,-0.050098531,0,-0.021660049,0,-0.031901781,0,-0.053077742,0,-0.085814841,0,-0.1217313,0,-0.16012116
201,0,-0.20350517,0,-0.20378816,0.066647999,0.11602128,0.1531904,0.17589003,0.18018159,0.17089701,0.16133678,0.15279706,0.15540874,0.16386209,0.18941258,0.22178653,0.2597076,0.2992129,0.31237575
202,0.38970193,0.46776816,0.55099148,0.60279024,1.7420186,1.7440028,1.7319553,1.7139063,1.6959345,1.67776,1.6432751,1.602259,1.5778061,1.5594028,1.5738565,1.5931623,1.5910749,1.5814565,1.5672567
203,-0.057354953,0.009244881,0.076466776,0.14076848,-0.007368613,0.014621286,0.04360652,0.059779637,0.054297622,0.0316259,0,-0.007031914,0,-0.050832596,0,-0.096724428,0,-0.1341988,0
204,0,-0.21102656,0,-0.22160092,0,-0.9021104,0,-0.88241005,0,-0.85459149,0,-0.84054154,0,-0.84194732,0,-0.86033446,0,-0.89139801,0
205,0,-0.046691746,0,-0.071656227,0,-0.091726132,0,-0.12043551,0,-0.15074626,0,-0.18074429,0,-0.20281938,0,-0.22075123,0,-0.25408256,0
206,-0.16548151,0,-0.18581654,0,-0.77443296,0,-0.73283118,0,-0.70989537,0,-0.70290697,0,-0.70040798,0,-0.69952238,0,-0.72096878,0,-0.75388432
207,0.11255823,0.1466606,0.17185715,0.19178201,0.78344268,0.85925657,0.92977399,0.93130434,0.9087097,0.87127894,0.83158952,0.82115489,0.81734473,0.81084359,0.80430102,0.80516189,0.81312215,0.83979583,0.86285561
208,0.86394835,0.90505987,0.94774377,0.96216393,1.4437672,1.4690785,1.4798006,1.4813764,1.4471477,1.3939362,1.3406999,1.2881992,1.2543,1.2262645,1.1807052,1.1292526,1.0862174,1.053475,1.0591496
209,0.47806242,0.4990195,0.49657643,0.48115832,0.99192417,1.0188793,1.06032,1.0730525,1.0744188,1.0335207,0.98217374,0.95169133,0.92898357,0.92705601,0.92778575,0.92224067,0.91484714,0.90985972,0.91190481
210,1.3537169,1.3494822,1.3642759,1.396716,2.1205206,2.1166143,2.0452459,1.9371539,1.8597879,1.797172,1.8211415,1.8740307,1.8931342,1.8909593,1.8209946,1.7344,1.66856,1.6291684,1.6355159
211,0.11964376,0.11467583,0.10140608,0.067882001,0.2316567,0.20846641,0.19676614,0.19631429,0.20778289,0.22082666,0.23322161,0.24953544,0.2699641,0.30458298,0.34970081,0.38447076,0.41139978,0.39104989,0.34600207
212,0.1708836,0.2373763,0.24864641,0.25157917,0,-0.45671001,0,-0.41968554,0,-0.38111544,0,-0.35794434,0,-0.34303066,0,-0.38482344,0,-0.4497996,0
213,-0.68038213,0,-0.71676356,0,-1.1210566,0,-1.1441069,0,-1.160946,0,-1.1698968,0,-1.1556572,0,-1.1126248,0,-1.0414723,0,-0.94558102
214,1.632225,1.6783817,1.714895,1.7453682,1.5362478,1.5190762,1.4709773,1.3863,1.2871877,1.2050543,1.130426,1.0970634,1.0774946,1.0723994,1.066075,1.0269457,0.97537214,0.90837145,0.84635788
215,1.1706588,1.217713,1.1797571,1.0943625,1.8821894,1.8319768,1.768,1.6928509,1.6143054,1.5965494,1.5961794,1.6169729,1.6403655,1.645574,1.647908,1.6588902,1.6757643,1.7044618,1.7378389
216,0.42617536,0.38325799,0.35871509,0.34652013,0,-0.14345469,0,-0.14422359,0,-0.14106974,0,-0.13909522,0,-0.14713942,0,-0.1640698,0,-0.15878054,0
217,0.10272627,0.13005857,0.15146048,0.16296211,-0.40675256,0,-0.41706142,0,-0.40824899,0,-0.39767331,0,-0.39122948,0,-0.39296526,0,-0.40501443,0,-0.41602492
218,1.0079893,0.97008479,0.92375451,0.87425029,1.5096714,1.4986579,1.431169,1.336692,1.2334569,1.1975486,1.1860139,1.1665795,1.1436337,1.1145306,1.084375,1.0588595,1.0229143,0.94417191,0.85542911
219,0.59887069,0.59777719,0.58794117,0.62659216,3.1085122,3.0675926,3.0858068,3.12868,3.2144165,3.3013144,3.3599474,3.3915327,3.3771174,3.359956,3.3562329,3.3719537,3.410321,3.4337275,3.4349177
220,-0.4158963,0,-0.30487317,0,-0.45015514,0,-0.43180722,0,-0.44100681,0,-0.45388207,0,-0.4537892,0,-0.44939199,0,-0.42667329,0,-0.40479994
221,0.98557079,0.99655038,0.99510747,0.99960715,2.3350961,2.4506922,2.5187078,2.5612242,2.5462799,2.5076504,2.4254928,2.3281643,2.2243965,2.1265774,2.1023235,2.1094501,2.159584,2.2083995,2.2055552
222,0,-0.19721813,0,-0.11791375,1.2388428,1.2348745,1.2480595,1.2684143,1.297128,1.3347698,1.3824303,1.4375063,1.4977343,1.535274,1.5501446,1.524822,1.4719071,1.4131979,1.3542628
223,-0.77005708,0,-0.81371599,0,-1.038852,0,-1.0587069,0,-1.0640219,0,-1.0419054,0,-0.9878,0,-0.89720863,0,-0.82381487,0,-0.77375484
224,1.4620392,1.429968,1.423229,1.432752,2.0393865,2.0196528,1.9556477,1.8828881,1.8080038,1.7558043,1.7102883,1.645244,1.572365,1.5139986,1.468075,1.4586972,1.4676427,1.4762419,1.4763393
225,-0.14374152,0,-0.10573667,0,0.39610571,0.3630276,0.34030667,0.33426213,0.33529618,0.34006342,0.3263329,0.29416674,0.2673839,0.24796209,0.27432007,0.3295995,0.39290145,0.45836422,0.46536332
226,0.12302741,0.15136783,0.19604713,0.267903,0.32377851,0.25037956,0.1806764,0.11917382,0.091918357,0.07882271,0.084198959,0.090347745,0.085193761,0.066662863,0.025988027,0,-0.029387552,0,-0.097818188
227,-0.045041457,0,-0.073476262,0,0,-0.26153663,0,-0.2649509,0,-0.26866201,0,-0.26861671,0,-0.26660308,0,-0.25837564,0,-0.24773237,0
228,0.098305002,0.11754434,0.13746177,0.15908226,-0.26669732,0,-0.29764292,0,-0.30776399,0,-0.30479366,0,-0.27672559,0,-0.23655452,0,-0.19485837,0,-0.15329
229,0.42212155,0.47078538,0.52451497,0.58059669,1.2263863,1.1974975,1.16664,1.1343665,1.1007768,1.068278,1.0365211,1.0189793,1.0062863,1.0050429,1.0051634,1.0031321,0.99586642,0.97708941,0.95496446
230,0.11816192,0.086940445,0.063921221,0.053025451,-0.62171769,0,-0.65753925,0,-0.69808823,0,-0.73054278,0,-0.75028193,0,-0.76572019,0,-0.77997959,0,-0.80570948
231,0.58645928,0.57477039,0.54889393,0.51406801,0,-0.13393176,0,-0.18227306,0,-0.23836568,0,-0.28759286,0,-0.32830459,0,-0.33100614,0,-0.30549198,0
232,-0.17553098,0,-0.15898505,0,-0.19148172,0,-0.19819097,0,-0.22477299,0,-0.2653631,0,-0.31346557,0,-0.34450778,0,-0.36590523,0,-0.37141159
233,0.38981012,0.37953851,0.35150927,0.31340903,0.59045482,0.61569136,0.63490599,0.6093843,0.56840247,0.51464546,0.45892537,0.42722663,0.40408328,0.39989349,0.40230897,0.41506562,0.43028498,0.44673952,0.45905972
234,0,-0.012906445,0,-0.020510709,0,-0.60094172,0,-0.62676394,0,-0.64764553,0,-0.67262405,0,-0.70079368,0,-0.73600477,0,-0.77466691,0
235,0.20301601,0.19325651,0.17551072,0.1517424,0.28734121,0.28798118,0.28602335,0.26017889,0.22082731,0.1837672,0.14806865,0.14776857,0.15989399,0.17882772,0.19526275,0.1828118,0.15852499,0.1174688,0.079464711
236,0.23101297,0.21540329,0.21467835,0.21578993,0,-0.083495408,0,-0.13877717,0,-0.19422257,0,-0.24873325,0,-0.28869277,0,-0.32426614,0,-0.35457,0
237,0.07669609,0.084287137,0.078461222,0.051630013,0,-0.061310716,0,-0.060181949,0,-0.071266107,0,-0.10002896,0,-0.13164775,0,-0.16266057,0,-0.18033548,0
238,0.33441681,0.31222051,0.29284459,0.27658838,-0.21991445,0,-0.21266429,0,-0.20481074,0,-0.19720599,0,-0.18960141,0,-0.18069459,0,-0.17229949,0,-0.1663824
239,-0.4362216,0,-0.44235852,0,-0.46244061,0,-0.52280498,0,-0.58514267,0,-0.62304616,0,-0.64065552,0,-0.61994308,0,-0.57583946,0,-0.54437339
240,-0.039346166,0,-0.037232846,0,-0.7990793,0,-0.80101156,0,-0.7887997,0,-0.7733978,0,-0.75920248,0,-0.74523753,0,-0.73181862,0,-0.71729255
241,0.28591761,0.32989928,0.38025308,0.42369622,0,-0.2326256,0,-0.2253408,0,-0.21912326,0,-0.22425565,0,-0.23384643,0,-0.24661922,0,-0.25637433,0
242,0,-0.16732736,0,-0.15712711,0,-1.0373815,0,-1.0294319,0,-1.0175694,0,-1.0170231,0,-1.0193057,0,-1.0299617,0,-1.0425773,0
243,0.23300503,0.23839268,0.24429019,0.25921741,0.18562411,0.18241166,0.1934159,0.20838644,0.22526658,0.23529851,0.22771755,0.20930719,0.17799707,0.14854559,0.12598449,0.11283803,0.10915889,0.11385286,0.1247671
244,0,-0.030787934,0,-0.00195849,1.1524303,1.1395491,1.1372185,1.1464014,1.1624811,1.183308,1.203843,1.2238715,1.2327043,1.2347863,1.233874,1.2321548,1.2322007,1.2328601,1.2147925
245,0.54693192,0.55012721,0.5466966,0.55129576,0.82019949,0.78287089,0.75073618,0.72174728,0.69520861,0.66852188,0.65963525,0.65812421,0.66839159,0.68151623,0.67349905,0.6549685,0.61664891,0.57427001,0.54102856
246,0.80718696,0.82211947,0.83816195,0.85235101,0.63463902,0.60652089,0.58465803,0.57268244,0.58510506,0.61544412,0.63017845,0.63276917,0.59955263,0.5473395,0.49784121,0.45018891,0.42022842,0.39616531,0.37510869
247,0.19785218,0.23143336,0.25652343,0.27423179,0.81966043,0.8673743,0.91655284,0.92884827,0.92203343,0.86747402,0.79353803,0.72546256,0.65952653,0.65868044,0.67641956,0.72016382,0.76561487,0.77815801,0.7772184
248,0.52765661,0.52541071,0.52526498,0.5267905,1.6222143,1.6026834,1.57248,1.5317816,1.487388,1.4640567,1.4464206,1.4338406,1.4223194,1.4103409,1.4037782,1.4232444,1.4548072,1.5040946,1.5474057
249,0.24778812,0.26886389,0.27826715,0.2768023,0,-0.24979499,0,-0.2385288,0,-0.23190315,0,-0.22778966,0,-0.23989393,0,-0.25626317,0,-0.27222729,0
250,0.13877732,0.16760097,0.19478658,0.22130726,-0.20153213,0,-0.17665583,0,-0.14504857,0,-0.1088898,0,-0.078978941,0,-0.061014749,0,-0.051649019,0,-0.051268071
251,0.11637566,0.12934759,0.12291371,0.10821886,0.41453159,0.42119783,0.43198887,0.44614011,0.47247711,0.50516599,0.52978206,0.55021602,0.54942656,0.54091817,0.53442895,0.52937186,0.54258591,0.56004709,0.57683933
252,0.40694314,0.39354119,0.38456428,0.37856331,2.4037597,2.4003289,2.38936,2.3507447,2.3025398,2.2617261,2.2244909,2.2156315,2.2158542,2.2312469,2.2510715,2.2760019,2.2997499,2.3177974,2.3289156
253,0.32465276,0.35658473,0.38421142,0.40890282,0.05048519,0.0239904,0.000478798,0,-0.019651968,0,-0.011619721,0.01095783,0.030579554,0.0479118,0.033113588,0.007164739,0,-0.02450062,0
254,0.02739626,0.005874233,0,-0.009967702,-0.10308282,0,-0.13459155,0,-0.1608106,0,-0.16687344,0,-0.16482827,0,-0.14840159,0,-0.12758228,0,-0.12672167
255,0.05179337,0.008157568,0,-0.04332928,0,-0.26385629,0,-0.25883448,0,-0.25047657,0,-0.26369834,0,-0.28087518,0,-0.29498091,0,-0.30392492,0
256,0.51800001,0.53973836,0.53887224,0.52757645,1.1003371,1.1351371,1.16811,1.1977239,1.1886497,1.1553686,1.0931238,1.0169563,0.96666878,0.92821842,0.919743,0.9212147,0.91745883,0.90970826,0.89079303
257,0.37688869,0.35687652,0.31390285,0.25823373,0.53994393,0.52651715,0.52040201,0.51049578,0.49859267,0.47131169,0.4397532,0.40836602,0.37829334,0.35860258,0.34389323,0.34136653,0.34312427,0.34983644,0.35688344
258,0.63695574,0.61111784,0.60485548,0.61129647,0.4574858,0.46800649,0.45971191,0.44456518,0.42697847,0.41738543,0.40981299,0.39167023,0.37011829,0.36680135,0.37395,0.40275913,0.43773299,0.45450422,0.46205041
259,0,-0.089651473,0,-0.11620908,0,-0.35762802,0,-0.39276397,0,-0.42928141,0,-0.45206034,0,-0.47242615,0,-0.48958638,0,-0.50513601,0
260,-0.4265396,0,-0.38508734,0,-1.0455456,0,-1.0648917,0,-1.075261,0,-1.080857,0,-1.083895,0,-1.094992,0,-1.1118097,0,-1.1453686
261,-0.060903806,0,-0.055816054,0,-0.084208965,0,-0.10667942,0,-0.13023442,0,-0.14463814,0,-0.15713738,0,-0.1615106,0,-0.16578914,0,-0.17813981
262,-0.046466842,0,-0.10876325,0,-0.80712086,0,-0.8022384,0,-0.81757838,0,-0.83662271,0,-0.86197102,0,-0.88305676,0,-0.88143766,0,-0.87018365
263,0.37546465,0.32241765,0.26588142,0.20865378,0,-0.143508,0,-0.20843482,0,-0.27935991,0,-0.31157851,0,-0.33207926,0,-0.33027941,0,-0.32492325,0
264,-5,0,-3.6134228,-5,0.6175496,0.58923525,0.55389702,0.53791434,0.52674907,0.5471316,0.57072628,0.58451933,0.59491992,0.59645814,0.60370141,0.63214868,0.66881436,0.71675581,0.75814319
265,0.60377002,0.55508929,0.51864266,0.50523883,0.43575341,0.46168128,0.47446927,0.47888073,0.4588421,0.42412972,0.36234617,0.28657517,0.23303241,0.18968244,0.18606286,0.19603676,0.20550944,0.21268617,0.21326302
266,-0.091411494,0,-0.062637337,0,-0.021493711,0,-0.059500314,0,-0.076110482,0,-0.063360982,0,-0.034686171,0.004841996,0.034728058,0.053764071,0.075913332,0.10231534,0.13305566
267,0.14577498,0.18409514,0.21718143,0.22943634,0.7449708,0.78741616,0.82149726,0.84871387,0.86649358,0.87996095,0.87415111,0.86036801,0.81554693,0.76038784,0.7188347,0.68304169,0.68069571,0.68780494,0.70191675
268,0.04981368,0.013856903,0,-0.041005615,-0.34016249,0,-0.33945361,0,-0.33313262,0,-0.3367143,0,-0.35416642,0,-0.38339451,0,-0.42271364,0,-0.45466304
269,-0.24584547,0,-0.20707045,0,-0.53520751,0,-0.51828313,0,-0.51452261,0,-0.53336024,0,-0.55849427,0,-0.58743781,0,-0.60295945,0,-0.60400158
270,0.63093537,0.63313478,0.61391568,0.58285415,1.2048564,1.2348216,1.263,1.2556632,1.2359788,1.2188299,1.2046183,1.2272507,1.2585926,1.286193,1.3101736,1.3248606,1.3421929,1.3756107,1.407499
271,0.67204517,0.65575123,0.64797837,0.65025002,0.69417065,0.7208997,0.74332935,0.76252449,0.76166624,0.74927098,0.71983963,0.68315595,0.6400134,0.59424913,0.55002773,0.50654072,0.48136258,0.46533251,0.46416259
272,-0.27136686,0,-0.26611075,0,-0.39996064,0,-0.38636759,0,-0.3657738,0,-0.33943108,0,-0.31800857,0,-0.3039985,0,-0.29774752,0,-0.29841575
273,-0.10894929,0,-0.10372961,0,-0.29255,0,-0.27606609,0,-0.25986347,0,-0.24370077,0,-0.23303561,0,-0.227238,0,-0.23839243,0,-0.2604109
274,0.32740313,0.3705233,0.43134284,0.50146806,1.00421,1.0061021,1.0068799,0.9995653,0.98876202,0.99962723,1.0162646,1.038015,1.057204,1.051046,1.0382274,1.0275499,1.02265,1.0357034,1.0525737
275,-0.021530019,0.000681063,0.026290696,0.055902276,0.53259724,0.49809331,0.47224662,0.45268628,0.43641582,0.42405245,0.4135848,0.39194304,0.36529601,0.31457898,0.25561044,0.20899987,0.16817793,0.16841529,0.17999469
276,0.24417286,0.30257857,0.36741498,0.43555823,0.40627855,0.38677052,0.35732001,0.33132797,0.30684465,0.27610844,0.24193427,0.19333954,0.13978134,0.1031604,0.078492999,0.085210897,0.10724039,0.13081428,0.14656247
277,0.57676768,0.53871715,0.54847503,0.58576477,2.374357,2.4078429,2.43436,2.4266429,2.4061019,2.3662906,2.3216953,2.2910929,2.2660308,2.2599521,2.2579651,2.2597039,2.2578642,2.2462201,2.2352149
278,-1.4597143,-5,-5,0.0004656,-0.20072231,0,-0.21688503,0,-0.23761164,0,-0.25064993,0,-0.24511014,0,-0.222675,0,-0.1764188,0,-0.12089857
279,0.076318055,0.071181677,0.053956389,0.01880281,0,-0.13402721,0,-0.14172143,0,-0.14644553,0,-0.1500414,0,-0.15243603,0,-0.14964715,0,-0.14017923,0
280,0.44570571,0.47243914,0.46167991,0.42636979,0.82889611,0.83255845,0.7954421,0.75579917,0.71729016,0.70987767,0.71312499,0.69979942,0.6809811,0.66399658,0.64882749,0.63987499,0.63183403,0.61814398,0.6046657
281,-0.045367669,0,-0.049699999,0,0,-0.41406,0,-0.44102198,0,-0.46254641,0,-0.46490377,0,-0.46208748,0,-0.45408666,0,-0.45691198,0
282,0,-0.056919314,0,-0.026323315,-0.31219703,0,-0.32127336,0,-0.32441682,0,-0.32464772,0,-0.3335726,0,-0.35781649,0,-0.37717,0,-0.38715482
283,1.7160714,1.7350109,1.7205241,1.6838458,1.4774679,1.4830827,1.4723253,1.4284639,1.3706167,1.3163985,1.2640005,1.2286469,1.1984885,1.1797285,1.16505,1.1506954,1.1396285,1.128226,1.1155988
284,1.3658869,1.4053786,1.4436526,1.478238,1.7862383,1.8133143,1.7519789,1.6450301,1.5444319,1.4486047,1.4120228,1.3961376,1.3850834,1.3723105,1.351542,1.327875,1.2982452,1.2680351,1.2238854
285,0,-0.058118135,0,-0.019191179,-0.24909253,0,-0.22780342,0,-0.1741894,0,-0.12151246,0,-0.094096221,0,-0.082172178,0,-0.10580541,0,-0.13633189
286,0,-0.004576488,0,-0.00847904,-0.3952567,0,-0.32461637,0,-0.2599746,0,-0.21444032,0,-0.20317,0,-0.23290034,0,-0.27253896,0,-0.31626126
287,0.37889948,0.44470739,0.5308736,0.62805563,1.1874357,1.2278954,1.26512,1.2581258,1.2357671,1.1808699,1.1170863,1.0483207,0.98020446,0.92713302,0.88442492,0.87253845,0.874695,0.89740157,0.92373514
288,-0.093436159,0,-0.067356229,0,-0.22919759,0,-0.1921365,0,-0.15038982,0,-0.097781681,0,-0.044135705,0,-0.003092737,0.029347785,0.010504168,0,-0.019497838
289,0,-0.12025414,0,-0.10445614,0.15843394,0.17192717,0.15428537,0.1272624,0.082355171,0.03465873,0,-0.010052709,0,-0.04458515,0,-0.054079447,0,-0.049625002,0
290,0.64518368,0.633591,0.62748325,0.62612844,0,-0.092958733,0,-0.10132952,0,-0.12226854,0,-0.15479742,0,-0.19445351,0,-0.22232513,0,-0.2362823,0
291,0.38599288,0.40005466,0.39719269,0.3735767,-0.068629377,0,-0.072425157,0,-0.084253199,0,-0.10097156,0,-0.12261822,0,-0.14657134,0,-0.17423229,0,-0.2037206
292,-0.1939607,0,-0.2823635,0,-0.48104039,0,-0.43380886,0,-0.40696141,0,-0.40605447,0,-0.4043172,0,-0.39779237,0,-0.37471205,0,-0.338689
293,-0.17047122,0,-0.12511361,0,-0.24437006,0,-0.27299401,0,-0.30706137,0,-0.35323444,0,-0.40259761,0,-0.4542644,0,-0.48557857,0,-0.4896898
294,0.22991897,0.19220085,0.14790611,0.099080898,0.83581078,0.85652417,0.88226587,0.90181869,0.91803724,0.92182517,0.92011803,0.90414172,0.88282841,0.86151493,0.84173113,0.85134333,0.87053865,0.9067024,0.94195259
295,-0.2241832,0,-0.23866996,0,-0.54044807,0,-0.58923769,0,-0.64990944,0,-0.70963228,0,-0.76719749,0,-0.81718481,0,-0.86236948,0,-0.90777993
296,0.13649152,0.15138416,0.16539609,0.16056074,0.27902484,0.24431951,0.22128281,0.2233471,0.23433499,0.2556158,0.27206096,0.26818058,0.2463066,0.19679415,0.14575595,0.10187099,0.075024158,0.067574553,0.0763814
297,0.25235876,0.2492552,0.2375057,0.22096056,0,-0.43114656,0,-0.39995748,0,-0.37479633,0,-0.37148374,0,-0.42001286,0,-0.48725465,0,-0.57041699,0
298,0.51566052,0.58517861,0.68676943,0.80246037,0.64796382,0.67186517,0.69944757,0.728697,0.72581154,0.70422441,0.63741481,0.55126679,0.465426,0.38076389,0.3377707,0.30869725,0.30618382,0.31200999,0.31352234
299,0.63604301,0.62470543,0.62672621,0.64497787,0.69904834,0.69424033,0.70466435,0.74577475,0.80438066,0.83357024,0.84422386,0.80448198,0.74316072,0.68264371,0.62295824,0.5826515,0.54741055,0.52141982,0.49926251
300,0.60391557,0.59005952,0.53669792,0.47266808,0.1691476,0.13629298,0.107371,0.087782986,0.081152305,0.089714393,0.10453599,0.12600802,0.14696315,0.1681111,0.18834226,0.20934385,0.21756662,0.21728365,0.18438466
301,-0.38642448,0,-0.38625628,0,0,-0.1825684,0,-0.18607472,0,-0.20195737,0,-0.22965334,0,-0.26340789,0,-0.29665777,0,-0.32722199,0
302,0.11420695,0.22013476,0.30483326,0.34302008,0.2028928,0.21279286,0.22064407,0.21122828,0.17201078,0.10751496,0.030384036,0,-0.043357842,0,-0.099530689,0,-0.13628268,0,-0.15728942
303,-0.16952148,0,-0.14473651,0,-0.63706803,0,-0.63934004,0,-0.61719102,0,-0.5680356,0,-0.50483286,0,-0.44695401,0,-0.41477165,0,-0.42286733
304,0.016634136,0,-0.063109286,0,-0.23835197,0,-0.13610666,0,-0.02639536,0.03318242,0.017611943,0,-0.073567703,0,-0.20379116,0,-0.3256433,0,-0.41375503
305,-0.40347624,0,-0.32134911,0,-0.45374683,0,-0.44395238,0,-0.43094778,0,-0.40621361,0,-0.36726835,0,-0.33237812,0,-0.32412723,0,-0.35139215
306,0,-0.064257473,0,-0.051532257,0,-0.43035519,0,-0.31776828,0,-0.2017875,0,-0.11415223,0,-0.082737185,0,-0.11158554,0,-0.19043317,0
307,-0.44008222,0,-0.50533706,0,0.29559377,0.30906597,0.26137814,0.17699319,0.092460424,0.042180754,0.033502743,0.057402801,0.084887281,0.083176322,0.0368312,0,-0.055508621,0,-0.16888073
308,-0.38297662,0,-0.46046799,0,-0.16194975,0,-0.07398887,0,-0.035344388,0,-0.04777205,0,-0.097197309,0,-0.165966,0,-0.24628776,0,-0.33350888
309,0.024412286,0.11621705,0.1382924,0.092346631,0.28596431,0.31717983,0.32037801,0.30100188,0.27071464,0.2383212,0.20859016,0.1755662,0.1288175,0.057200834,0,-0.047798678,0,-0.18333015,0
310,0.2031049,0.32046664,0.38858029,0.3954744,0.30504033,0.30670729,0.31910643,0.33882979,0.35238504,0.34522155,0.31868321,0.28292707,0.25203183,0.23872924,0.24420089,0.2675463,0.32331887,0.4291757,0.58215594
311,0.33117297,0.32112879,0.29826027,0.27325162,0,-0.052937802,0,-0.055836141,0,-0.065992884,0,-0.091280386,0,-0.14340992,0,-0.23065552,0,-0.3409614,0
312,-0.012164691,0.024080859,0.031801127,0.012065538,0,-0.15687588,0,-0.078621075,0.068313681,0.23684323,0.370772,0.42106673,0.38181359,0.27332973,0.14295503,0.04095158,0,-0.017638952,0
313,0.039854221,0,-0.00808918,0,-0.085510783,0.012554698,0.12906352,0.25310722,0.37475497,0.48257428,0.55708033,0.57807618,0.53649306,0.43377209,0.29539144,0.15621381,0.049173508,0,-0.000945173
314,0.9570536,0.97415984,1.0103178,1.0354702,2.3598778,2.3788433,2.2899311,2.1351759,1.978711,1.8545529,1.774758,1.7317508,1.71266,1.7177663,1.751575,1.8050926,1.8620377,1.9093606,1.9392072
315,0.67208511,0.76841563,0.80666357,0.7798394,2.0458512,2.0237167,1.9808201,1.9439695,1.927514,1.9336141,1.9384211,1.9110329,1.83999,1.728321,1.6001126,1.4831593,1.3823143,1.2928535,1.2188087
316,-0.22270705,0,-0.16043633,0,-0.58504176,0,-0.57836127,0,-0.56636518,0,-0.52914423,0,-0.44862199,0,-0.34102854,0,-0.23627046,0,-0.16355263
317,0.6600768,0.71855611,0.74516857,0.74237627,1.4659142,1.4839782,1.4555401,1.3691407,1.2559546,1.1623363,1.1166794,1.1307485,1.185606,1.250661,1.3034555,1.3311385,1.3424786,1.3560643,1.3919451
318,0.033201162,0.018686857,0.005677623,0.000856654,-0.66403067,0,-0.69926804,0,-0.736292,0,-0.76755536,0,-0.78466809,0,-0.78055668,0,-0.75336719,0,-0.72071058
319,0.20340894,0.22020625,0.26207951,0.31757215,0.25075594,0.24198976,0.23003811,0.22399914,0.23545602,0.26853144,0.31919536,0.364876,0.3792308,0.35635981,0.30473655,0.25021303,0.21991538,0.2135902,0.21865363
320,0.11845829,0.07072445,0.015546679,0,-0.20195714,0,-0.18709548,0,-0.17923662,0,-0.1713666,0,-0.15848383,0,-0.13484657,0,-0.087247528,0,-0.003230435
321,0.068030849,0.084896192,0.12795854,0.20238192,0.48544925,0.3960076,0.35008094,0.34930536,0.38177454,0.42614293,0.46232343,0.49206543,0.5273279,0.57718766,0.64286739,0.7010448,0.72249055,0.70412326,0.66016579
322,-0.13303642,0,-0.056951199,0.051083606,-0.093393512,0,-0.19520058,0,-0.24595284,0,-0.23249622,0,-0.15622458,0,-0.038682092,0.092331961,0.2168162,0.3211,0.40241793
323,0.23207098,0.31412882,0.40777114,0.52027452,1.2012269,1.3867306,1.5570893,1.6790372,1.7249091,1.6938686,1.5995281,1.46632,1.3224273,1.1949919,1.1088891,1.0824771,1.1221179,1.1961186,1.2597049
324,-0.75821531,0,-0.65375984,0,-0.18943506,0,-0.196034,0,-0.19057362,0,-0.16277908,0,-0.10500346,0,-0.027048983,0.051617868,0.10132612,0.092978343,0.016123015
325,0.7539168,0.86097986,0.92186356,0.93712473,1.796227,1.8117779,1.8609108,1.9219275,1.9587407,1.9432483,1.8625176,1.746452,1.6410153,1.5712199,1.5441307,1.5418348,1.5385604,1.5255026,1.506675
326,0.44689652,0.37022001,0.32014424,0.30302531,0.15633222,0.15782914,0.1658293,0.1919834,0.24202794,0.29541612,0.32161123,0.30325365,0.2374301,0.15099759,0.079853296,0.036797184,0.019666303,0.016802387,0.0149085
327,0.3505916,0.30850753,0.24437858,0.1685282,-0.032072939,0,-0.029973485,0,-0.04209299,0,-0.068226628,0,-0.1073867,0,-0.15714285,0,-0.2106128,0,-0.25996971
328,0.48997858,0.42826155,0.39250919,0.39228657,-0.042299442,0,-0.048099622,0,-0.039963152,0,-0.038082786,0,-0.061584301,0,-0.1088149,0,-0.16794561,0,-0.2267472
329,0,-0.45487171,0,-0.44977,0,-0.25791177,0,-0.16318199,0,-0.060180757,0.023621384,0.066413447,0.070181333,0.04968382,0.029886093,0.034407072,0.064629346,0.11116385,0.16154583
330,-0.082075313,0,-0.13840115,0,-0.78957808,0,-0.84562081,0,-0.89682734,0,-0.94897211,0,-1.0087001,0,-1.0689681,0,-1.115581,0,-1.1287274
331,0.55855435,0.58993095,0.61518568,0.64171964,0.20778458,0.2764788,0.37372243,0.48588541,0.58042336,0.62037414,0.58795881,0.48340461,0.34049401,0.20595363,0.1127502,0.078904793,0.093277402,0.13030592,0.16380191
332,0.73354083,0.65745711,0.57963896,0.52197725,0.7442674,0.78760815,0.80938876,0.81080669,0.80532587,0.81108803,0.84062791,0.87570918,0.8875429,0.86961448,0.83121282,0.79566252,0.78485751,0.78726625,0.7766971
333,-0.22410995,0,-0.20527861,0,0.48619398,0.47228408,0.46200246,0.43556067,0.38926315,0.33047512,0.28157577,0.2648896,0.27629673,0.2999253,0.32087788,0.33021915,0.33945012,0.36565727,0.41101402
334,0.29521999,0.27138993,0.26008034,0.27135816,0.13642731,0.15185401,0.08136785,0,-0.040331803,0,-0.16095115,0,-0.25197709,0,-0.30409643,0,-0.33736813,0,-0.3773782
335,0.010791246,0.038303278,0.060228441,0.082957253,1.245494,1.2354801,1.2485,1.2802912,1.3194748,1.3537669,1.3801399,1.4012312,1.4252286,1.4602189,1.5041989,1.55023,1.590824,1.617486,1.6182206
336,-0.074894719,0,-0.0418786,0.016900837,-0.94875431,0,-1.0028177,0,-1.0808769,0,-1.1691228,0,-1.2537318,0,-1.3245138,0,-1.375059,0,-1.4074098
337,0.3368139,0.36047581,0.39836052,0.45359358,2.0661588,2.0400758,2.0073438,1.977699,1.952,1.9289522,1.9169866,1.9257627,1.9519314,1.9854329,2.0136521,2.0237031,2.003372,1.942185,1.8330715
338,0.68996584,0.8071506,0.90390992,0.97725928,-0.42571965,0,-0.56066233,0,-0.6587379,0,-0.65438515,0,-0.52864718,0,-0.30081061,0,-0.05971,0.092382774,0.12423594
339,0,-0.12553495,0,-0.068825901,1.0915852,1.0717554,1.0215349,0.97827959,0.96060908,0.97472423,1.0149075,1.0725944,1.1479071,1.2413678,1.3350492,1.4031798,1.425024,1.3886271,1.3078126
340,0,-0.22580892,0,-0.31669971,0.46596822,0.39780569,0.35074756,0.32552743,0.31308869,0.30284989,0.29444143,0.29476643,0.32160521,0.39188659,0.49964011,0.62194568,0.70882398,0.71002764,0.62358683
341,1.5266879,1.5773439,1.5860406,1.5710611,1.2582179,1.2933532,1.3366745,1.360792,1.339473,1.2889544,1.246555,1.2476914,1.3120714,1.402524,1.4605743,1.4558325,1.3841226,1.282944,1.2019967
342,-0.65140402,0,-0.71800667,0,-1.0470815,0,-1.0834608,0,-1.1244082,0,-1.169836,0,-1.22566,0,-1.3000643,0,-1.3974462,0,-1.5018692
343,0.77209175,0.74207801,0.71917033,0.70925957,0,-0.065713346,0,-0.044763494,0,-0.022614572,0,-0.001347239,0.034255151,0.097809538,0.16132784,0.18016814,0.12912409,0.004880749,0
344,0.90215927,0.81397015,0.7284565,0.68815881,0.6305775,0.70205528,0.70432061,0.66745281,0.6399225,0.63602948,0.64786333,0.65475082,0.63587183,0.5919314,0.53435004,0.47136393,0.40899944,0.35445845,0.31351256
345,0.20037439,0.19452143,0.1975847,0.216786,0,-0.11158536,0,-0.1204708,0,-0.13061765,0,-0.13206509,0,-0.11498683,0,-0.085018754,0,-0.055951908,0
346,0.15422522,0.1741292,0.15329301,0.095147751,-0.33506101,0,-0.3037838,0,-0.27711299,0,-0.27345657,0,-0.2779384,0,-0.26404631,0,-0.21384446,0,-0.12282193
347,1.4970226,1.568488,1.5746834,1.5110162,1.301569,1.430634,1.5772783,1.7068658,1.7761543,1.7593063,1.648397,1.4723281,1.2747065,1.0848657,0.92244744,0.80112565,0.73030192,0.71179456,0.73884249
348,0.32360065,0.413708,0.49459603,0.53801954,0.57278055,0.68642962,0.79891217,0.88645005,0.93832088,0.954256,0.95102352,0.94885027,0.94866532,0.93858141,0.89507675,0.79618162,0.64858639,0.47699627,0.32002002
349,0.084381223,0.065769039,0.027910754,0,0,-0.81506401,0,-0.75884533,0,-0.70198119,0,-0.65338492,0,-0.62081641,0,-0.61132175,0,-0.63105857,0
350,0.41611356,0.42506236,0.39905879,0.33128342,0.10159867,0,-0.010014843,0,-0.098205656,0,-0.1588278,0,-0.20006914,0,-0.23389764,0,-0.26541215,0,-0.29423255
351,-0.51514399,0,-0.50432503,0,-0.32948044,0,-0.37819529,0,-0.43946901,0,-0.51173991,0,-0.58814049,0,-0.65984315,0,-0.71843523,0,-0.75796074
352,-0.29915872,0,-0.34434503,0,-1.241538,0,-1.3272746,0,-1.3737,0,-1.3727399,0,-1.3359764,0,-1.2817988,0,-1.2259903,0,-1.18013
353,-0.17726587,0,-0.27179921,0,-0.3876099,0,-0.35470715,0,-0.32692006,0,-0.30808708,0,-0.30126718,0,-0.30519584,0,-0.31567451,0,-0.32351518
354,-0.17491783,0,-0.18412286,0,0,-0.35351422,0,-0.33428359,0,-0.24280621,0,-0.11127475,0.017258856,0.10946193,0.14475127,0.13665992,0.1105382,0.082789168,0.062224101
355,0,-0.3518618,0,-0.33085263,0,-0.73209023,0,-0.74288648,0,-0.73115897,0,-0.68986118,0,-0.61529803,0,-0.51772517,0,-0.41334802,0
356,0,-0.2847409,0,-0.24266315,1.8098112,1.6953241,1.5958571,1.5360577,1.5037974,1.4754903,1.4419469,1.3993286,1.33605,1.2400783,1.1144543,0.97538638,0.8672756,0.83739758,0.89549237
357,-0.24928038,0,-0.25418851,0,0.51285458,0.55682176,0.58177733,0.55869204,0.48795566,0.38739282,0.289924,0.22557093,0.18653899,0.14837369,0.090389244,0.000147151,0,-0.11149894,0
358,0.26980436,0.27753261,0.3325693,0.44866541,1.1388011,1.2170326,1.2114199,1.1199155,0.98503691,0.86382008,0.79170007,0.78583795,0.83285761,0.9058333,0.97730732,1.0262663,1.0566357,1.083654,1.1205794
359,0.31890523,0.40643412,0.45286104,0.45974401,0,-0.73619592,0,-0.84628671,0,-0.8813256,0,-0.84911913,0,-0.78347313,0,-0.7331568,0,-0.74140435,0
360,0,-0.73251635,0,-0.66235971,0,-1.829924,0,-1.8066286,0,-1.7059265,0,-1.5545626,0,-1.4035949,0,-1.3067539,0,-1.2930472,0
361,-0.35652187,0,-0.35309285,0,-0.31931901,0,-0.35919455,0,-0.39332223,0,-0.41547808,0,-0.41721383,0,-0.39517215,0,-0.35033438,0,-0.2927624
362,0,-0.21243775,0,-0.25462753,0,-0.42202637,0,-0.4111068,0,-0.3783437,0,-0.32811403,0,-0.2658357,0,-0.20336331,0,-0.15302932,0
363,0,-0.13289657,0,-0.12562372,-0.41358554,0,-0.36842972,0,-0.33968523,0,-0.33608145,0,-0.35803714,0,-0.38484001,0,-0.3930929,0,-0.38325179
364,0,-0.95249486,0,-1.0674949,0,-0.67656082,0,-0.77824825,0,-0.96088684,0,-1.1700639,0,-1.3441542,0,-1.4336575,0,-1.4463015,0
365,0.30496964,0.34489736,0.4358803,0.5224517,1.3357543,1.375092,1.3320594,1.221068,1.083638,0.9598316,0.87883502,0.83515781,0.80898631,0.79395735,0.79378998,0.82021147,0.88360029,0.9732191,1.0660359
366,0.55105752,0.58279598,0.60087222,0.61001527,0.98122269,1.0431972,1.078723,1.0998186,1.1155304,1.1106538,1.0612493,0.95730162,0.80673009,0.66167998,0.58564621,0.5979256,0.68583471,0.80238092,0.89081836
367,0.00160105,0,-0.005733105,0.00728611,0,-0.18569846,0,-0.25872102,0,-0.35731712,0,-0.43682143,0,-0.45404556,0,-0.40931451,0,-0.32612896,0
368,0,-0.033253383,0,-0.067344882,0,-0.95393938,0,-0.95433933,0,-0.95079285,0,-0.93619907,0,-0.90202641,0,-0.84327084,0,-0.77142191,0
369,0.20607936,0.2203054,0.24728081,0.28858593,0,-0.2644532,0,-0.25808424,0,-0.26021165,0,-0.27163592,0,-0.29464385,0,-0.3303636,0,-0.37281725,0
370,0,-0.99569678,0,-0.981664,0,-1.4091641,0,-1.4711028,0,-1.5981143,0,-1.7694386,0,-1.9318103,0,-2.0310807,0,-2.0568914,0
371,0,-0.17524892,0,-0.29188675,0,-0.87274516,0,-0.86349624,0,-0.8414166,0,-0.79055101,0,-0.71455288,0,-0.62909371,0,-0.56700873,0
372,0.97568566,1.0068953,1.0580337,1.1536107,1.7485706,1.9243693,2.0760503,2.1467443,2.1109791,1.9706643,1.772992,1.5791749,1.4190714,1.3023698,1.2263401,1.1832736,1.1652575,1.1622,1.1547891
373,0.97897315,0.90443325,0.84077895,0.76546454,0.86780339,0.88287437,0.89590079,0.90306252,0.90524518,0.91409039,0.94238663,0.98537374,1.0276477,1.0479584,1.0274345,0.96825486,0.8854425,0.80222195,0.74024081
374,0,-0.35454321,0,-0.36812192,0,-0.66654074,0,-0.66179168,0,-0.6832993,0,-0.72441918,0,-0.77440047,0,-0.82559323,0,-0.87424308,0
375,0,-0.44405085,0,-0.37544757,0,-0.57969308,0,-0.52876759,0,-0.44861534,0,-0.36677429,0,-0.31482443,0,-0.30597973,0,-0.33900231,0
376,1.54073,1.5736614,1.568864,1.5586846,1.17872,1.188508,1.2563766,1.3808821,1.5069296,1.5629851,1.5163217,1.368615,1.1769921,1.0146737,0.9111377,0.86573672,0.85236794,0.83947051,0.82006001
377,0.94415092,1.0254161,1.02801,0.97588605,0,-0.17779882,0,-0.21417572,0,-0.23992659,0,-0.26065844,0,-0.28378773,0,-0.30655101,0,-0.32151023,0
378,-0.81417704,0,-0.82618672,0,-0.96469349,0,-0.93319625,0,-0.9079054,0,-0.90492493,0,-0.92496145,0,-0.96338284,0,-1.0182506,0,-1.0866412
379,-0.029866515,0,-0.048146222,0,0.216252,0.17626747,0.13076574,0.08360514,0.037891898,0,-0.002981868,0,-0.036273573,0,-0.062843822,0,-0.087062143,0,-0.12089159
380,-0.36590582,0,-0.38965935,0,0,-0.55141413,0,-0.53719574,0,-0.50440758,0,-0.4681969,0,-0.44553435,0,-0.44941953,0,-0.48639649,0
381,0,-0.30806717,0,-0.39215931,0,-1.1887572,0,-1.1468159,0,-1.088972,0,-1.0311463,0,-0.9780857,0,-0.93051833,0,-0.89127153,0
382,1.133211,1.2088941,1.188068,1.0789369,1.2354743,1.309198,1.4003986,1.5083432,1.6066068,1.6575135,1.6313848,1.5164888,1.355764,1.2129687,1.1242957,1.1003299,1.1107702,1.1120896,1.0898595
383,0.7206834,0.873945,1.028703,1.145625,-0.010364259,0,-0.071646705,0,-0.066536486,0.03047506,0.21977387,0.48015469,0.75015509,0.95529008,1.0470933,1.0041162,0.85979718,0.67062521,0.47844785
384,-0.042112924,0.080191359,0.18741582,0.25740415,1.0362434,0.91867054,0.76463938,0.57462895,0.38197339,0.23132475,0.15620372,0.17491542,0.26505542,0.39040983,0.53008044,0.67401648,0.82553488,0.99009645,1.158888
385,0.24266574,0.27704522,0.27611935,0.23990329,-0.19739173,0,-0.17363271,0,-0.19001934,0,-0.24929464,0,-0.34627429,0,-0.46364266,0,-0.57685137,0,-0.65235478
386,0,-0.46725988,0,-0.52291125,0,-1.432242,0,-1.4669501,0,-1.4205736,0,-1.3060143,0,-1.1584026,0,-1.0263826,0,-0.95652235,0
387,-0.86847442,0,-0.67542058,0,-0.023004808,0,-0.097815022,0,-0.09749154,0,-0.034258701,0.052430585,0.12123653,0.16492862,0.19450893,0.23858757,0.32527941,0.45360321,0.60533792
388,0,-0.16951075,0,-0.19448172,0,-0.10295986,0,-0.13214579,0,-0.18173514,0,-0.23924099,0,-0.27245733,0,-0.24910995,0,-0.1679365,0
389,0.861287,0.85998911,0.86129159,0.86165601,0.99402314,1.0105999,1.0871021,1.2091862,1.3320155,1.4032292,1.4013954,1.329542,1.2249761,1.1348042,1.0792929,1.0598383,1.0605189,1.0609225,1.056492
390,0.076759018,0.14505817,0.22616729,0.28466901,0.15258899,0.15858428,0.13318828,0.083253816,0.02225953,0,-0.029921288,0,-0.055310324,0,-0.055717293,0,-0.040911287,0,-0.012932152
391,-0.09271507,0,-0.15934846,0,-0.36313739,0,-0.35468078,0,-0.42622578,0,-0.51622665,0,-0.61555314,0,-0.71252471,0,-0.73999739,0,-0.75140613
392,0.23013161,0.30263674,0.37119293,0.42540002,0.18968691,0.22020732,0.24370196,0.25983688,0.27175373,0.28180748,0.28979892,0.2969,0.29117915,0.27734342,0.23805304,0.18541408,0.137098,0.09120667,0.093275584
393,-0.00100541,0.014188113,0.04052376,0.069432162,0.17337768,0.18400536,0.20360771,0.2269285,0.2586768,0.29703531,0.3521978,0.40825287,0.45258296,0.47632384,0.46269158,0.42993081,0.38287336,0.3373625,0.29865342
394,1.0700572,1.0511674,1.065676,1.1021765,0.27283528,0.31728294,0.35411766,0.36220118,0.35809785,0.34836,0.33725911,0.33704668,0.339968,0.34038198,0.33645752,0.31350136,0.28249073,0.24305797,0.20579389
395,0.029230075,0.019705189,0.026762359,0.043424387,0,-0.21384518,0,-0.26144099,0,-0.28289402,0,-0.29649249,0,-0.30068219,0,-0.30571425,0,-0.31794846,0
396,0.44698498,0.43742979,0.43521327,0.43506894,-0.25602856,0,-0.30097303,0,-0.33925641,0,-0.3614614,0,-0.3642298,0,-0.34112236,0,-0.30725572,0,-0.26692858
397,0.61103225,0.63378102,0.63661635,0.60813987,-0.056776401,0,-0.084979609,0,-0.11498255,0,-0.15102643,0,-0.20141006,0,-0.25722662,0,-0.32110116,0,-0.3663812
398,-0.26569203,0,-0.21925761,0,0,-0.28937659,0,-0.30078852,0,-0.31347144,0,-0.32975167,0,-0.34145755,0,-0.34787568,0,-0.34398457,0
399,0.068802595,0.065350272,0.096165493,0.13743727,0.024613012,0.071676992,0.10450702,0.112644,0.10676742,0.089568444,0.079578571,0.081007831,0.09846326,0.12867221,0.15265438,0.17005073,0.17258188,0.16640671,0.14477046
400,0,-0.50089872,0,-0.49140176,0,-1.0374554,0,-1.1643143,0,-1.2588143,0,-1.3075255,0,-1.305057,0,-1.2566075,0,-1.2098451,0
